"streams","minimum","mean","maximum","site","dp.name","term.name","location"
"NEON.D14.JORN.DP0.00001.001.01306.000.010.000",-2.32,0.05,2.32,"JORN","2D Wind Speed and Direction","uVectorComponent","Meas. Level 1"
"NEON.D14.JORN.DP0.00001.001.01307.000.010.000",-2.73,-0.23,1.26,"JORN","2D Wind Speed and Direction","vVectorComponent","Meas. Level 1"
"NEON.D14.JORN.DP0.00001.001.01308.000.010.000",338.68,343.64,351.25,"JORN","2D Wind Speed and Direction","soundSpeed","Meas. Level 1"
"NEON.D14.JORN.DP0.00001.001.01309.000.010.000",11.62,20.04,33.14,"JORN","2D Wind Speed and Direction","sensorTemp","Meas. Level 1"
"NEON.D14.JORN.DP0.00001.001.01310.000.010.000",0,0,0,"JORN","2D Wind Speed and Direction","2dWindSensorStatus","Meas. Level 1"
"NEON.D14.JORN.DP0.00001.001.01306.000.020.000",-3.77,-0.2,3.61,"JORN","2D Wind Speed and Direction","uVectorComponent","Meas. Level 2"
"NEON.D14.JORN.DP0.00001.001.01307.000.020.000",-4.91,-0.36,1.92,"JORN","2D Wind Speed and Direction","vVectorComponent","Meas. Level 2"
"NEON.D14.JORN.DP0.00001.001.01308.000.020.000",337.3,342.49,349.15,"JORN","2D Wind Speed and Direction","soundSpeed","Meas. Level 2"
"NEON.D14.JORN.DP0.00001.001.01309.000.020.000",9.31,18.08,29.49,"JORN","2D Wind Speed and Direction","sensorTemp","Meas. Level 2"
"NEON.D14.JORN.DP0.00001.001.01310.000.020.000",0,0,0,"JORN","2D Wind Speed and Direction","2dWindSensorStatus","Meas. Level 2"
"NEON.D14.JORN.DP0.00001.001.01306.000.030.000",-4.11,-0.43,3.96,"JORN","2D Wind Speed and Direction","uVectorComponent","Meas. Level 3"
"NEON.D14.JORN.DP0.00001.001.01307.000.030.000",-5.11,-0.44,2.59,"JORN","2D Wind Speed and Direction","vVectorComponent","Meas. Level 3"
"NEON.D14.JORN.DP0.00001.001.01308.000.030.000",338.07,342.68,347.84,"JORN","2D Wind Speed and Direction","soundSpeed","Meas. Level 3"
"NEON.D14.JORN.DP0.00001.001.01309.000.030.000",10.6,18.4,27.22,"JORN","2D Wind Speed and Direction","sensorTemp","Meas. Level 3"
"NEON.D14.JORN.DP0.00001.001.01310.000.030.000",0,0,0,"JORN","2D Wind Speed and Direction","2dWindSensorStatus","Meas. Level 3"
"NEON.D14.JORN.DP0.00002.001.01325.000.010.000",103.66,107.45,111.99,"JORN","Single Aspirated Air Temperature","PRTResistance","Meas. Level 1"
"NEON.D14.JORN.DP0.00002.001.01326.000.010.000",0,4120.15,4140.04,"JORN","Single Aspirated Air Temperature","fanSpeed","Meas. Level 1"
"NEON.D14.JORN.DP0.00002.001.01330.000.010.000",659.96,685.05,720.05,"JORN","Single Aspirated Air Temperature","turbineSpeed","Meas. Level 1"
"NEON.D14.JORN.DP0.00002.001.01325.000.020.000",103.77,107.62,111.53,"JORN","Single Aspirated Air Temperature","PRTResistance","Meas. Level 2"
"NEON.D14.JORN.DP0.00002.001.01326.000.020.000",0,4203.23,4230.02,"JORN","Single Aspirated Air Temperature","fanSpeed","Meas. Level 2"
"NEON.D14.JORN.DP0.00002.001.01330.000.020.000",600,765.25,840,"JORN","Single Aspirated Air Temperature","turbineSpeed","Meas. Level 2"
"NEON.D14.JORN.DP0.00002.001.01325.000.030.000",104.05,107.72,111.33,"JORN","Single Aspirated Air Temperature","PRTResistance","Meas. Level 3"
"NEON.D14.JORN.DP0.00002.001.01326.000.030.000",4124.94,4149.61,4185,"JORN","Single Aspirated Air Temperature","fanSpeed","Meas. Level 3"
"NEON.D14.JORN.DP0.00002.001.01330.000.030.000",0,775.71,840.05,"JORN","Single Aspirated Air Temperature","turbineSpeed","Meas. Level 3"
"NEON.D14.JORN.DP0.00003.001.01325.000.040.101",104.52,108.06,111.28,"JORN","Triple Aspirated Air Temperature","PRTResistance","Meas. Level 4"
"NEON.D14.JORN.DP0.00003.001.01326.000.040.000",0,4179.72,4200.06,"JORN","Triple Aspirated Air Temperature","fanSpeed","Meas. Level 4"
"NEON.D14.JORN.DP0.00003.001.01330.000.040.000",0,824.9,900.02,"JORN","Triple Aspirated Air Temperature","turbineSpeed","Meas. Level 4"
"NEON.D14.JORN.DP0.00003.001.01325.000.040.102",104.56,108.1,111.32,"JORN","Triple Aspirated Air Temperature","PRTResistance","Meas. Level 4"
"NEON.D14.JORN.DP0.00003.001.01325.000.040.103",104.46,108,111.23,"JORN","Triple Aspirated Air Temperature","PRTResistance","Meas. Level 4"
"NEON.D14.JORN.DP0.00004.001.01309.000.035.000",13.08,22.18,32.66,"JORN","Barometric Pressure","sensorTemp","Meas. Level 3.5"
"NEON.D14.JORN.DP0.00004.001.01311.000.035.000",86.85,87,87.24,"JORN","Barometric Pressure","rawBarometricPressure","Meas. Level 3.5"
"NEON.D14.JORN.DP0.00004.001.01312.000.035.000",0,0,0,"JORN","Barometric Pressure","sensorStatus","Meas. Level 3.5"
"NEON.D14.JORN.DP0.00005.001.01313.000.010.000",0,0,0,"JORN","IR Biological Temperature","infraredThermopileOutput","Meas. Level 1"
"NEON.D14.JORN.DP0.00005.001.01314.000.010.000",547.82,573.22,587.34,"JORN","IR Biological Temperature","sensorResistance","Meas. Level 1"
"NEON.D14.JORN.DP0.00005.001.01313.000.020.000",0,0,0,"JORN","IR Biological Temperature","infraredThermopileOutput","Meas. Level 2"
"NEON.D14.JORN.DP0.00005.001.01314.000.020.000",554.21,573.95,586.81,"JORN","IR Biological Temperature","sensorResistance","Meas. Level 2"
"NEON.D14.JORN.DP0.00005.001.01313.003.000.000",0,0,0,"JORN","IR Biological Temperature","infraredThermopileOutput","Soil Plot 3"
"NEON.D14.JORN.DP0.00005.001.01314.003.000.000",546.03,571.87,587.68,"JORN","IR Biological Temperature","sensorResistance","Soil Plot 3"
"NEON.D14.JORN.DP0.00014.001.01332.000.040.000",0,244.82,956.2,"JORN","Shortwave Radiation (Direct and Diffuse Pyranometer)","rawShortwaveRadiationGlobal","Meas. Level 4"
"NEON.D14.JORN.DP0.00014.001.01333.000.040.000",0,47.2,185.2,"JORN","Shortwave Radiation (Direct and Diffuse Pyranometer)","rawShortwaveRadiationDiffuse","Meas. Level 4"
"NEON.D14.JORN.DP0.00014.001.01334.000.040.000",0,0.46,1,"JORN","Shortwave Radiation (Direct and Diffuse Pyranometer)","sunPresence","Meas. Level 4"
"NEON.D14.JORN.DP0.00023.001.01314.003.000.000",103.12,108.07,113.79,"JORN","Shortwave/Longwave Net Radiation","sensorResistance","Soil Plot 3"
"NEON.D14.JORN.DP0.00023.001.01317.003.000.000",0,0,0,"JORN","Shortwave/Longwave Net Radiation","inNetRadPyrgeometer","Soil Plot 3"
"NEON.D14.JORN.DP0.00023.001.01318.003.000.000",0,0,0,"JORN","Shortwave/Longwave Net Radiation","outNetRadPyrgeometer","Soil Plot 3"
"NEON.D14.JORN.DP0.00023.001.01314.000.040.000",104.29,108.32,112.47,"JORN","Shortwave/Longwave Net Radiation","sensorResistance","Meas. Level 4"
"NEON.D14.JORN.DP0.00023.001.01315.000.040.000",0,0,0.02,"JORN","Shortwave/Longwave Net Radiation","inNetRadPyranometer","Meas. Level 4"
"NEON.D14.JORN.DP0.00023.001.01316.000.040.000",0,0,0,"JORN","Shortwave/Longwave Net Radiation","outNetRadPyranometer","Meas. Level 4"
"NEON.D14.JORN.DP0.00023.001.01317.000.040.000",0,0,0,"JORN","Shortwave/Longwave Net Radiation","inNetRadPyrgeometer","Meas. Level 4"
"NEON.D14.JORN.DP0.00023.001.01318.000.040.000",0,0,0,"JORN","Shortwave/Longwave Net Radiation","outNetRadPyrgeometer","Meas. Level 4"
"NEON.D14.JORN.DP0.00024.001.01320.000.010.000",0,0,0.01,"JORN","Photosynthetically Active Radiation","inPAR","Meas. Level 1"
"NEON.D14.JORN.DP0.00024.001.01320.000.020.000",0,0,0.01,"JORN","Photosynthetically Active Radiation","inPAR","Meas. Level 2"
"NEON.D14.JORN.DP0.00024.001.01320.000.030.000",0,0,0.01,"JORN","Photosynthetically Active Radiation","inPAR","Meas. Level 3"
"NEON.D14.JORN.DP0.00024.001.01320.000.040.000",0,0,0.01,"JORN","Photosynthetically Active Radiation","inPAR","Meas. Level 4"
"NEON.D14.JORN.DP0.00024.001.01321.000.040.000",0,0,0,"JORN","Photosynthetically Active Radiation","outPAR","Meas. Level 4"
"NEON.D14.JORN.DP0.00040.001.01798.001.501.000",0,0,0.02,"JORN","Soil heat flux plate","SHFVoltage","Soil Plot 1, depth 1"
"NEON.D14.JORN.DP0.00040.001.01799.001.501.000",0,0.02,1,"JORN","Soil heat flux plate","SHFCalHeaterFlag","Soil Plot 1, depth 1"
"NEON.D14.JORN.DP0.00040.001.01800.001.501.000",0,0.01,0.59,"JORN","Soil heat flux plate","curVoltage","Soil Plot 1, depth 1"
"NEON.D14.JORN.DP0.00040.001.01798.003.501.000",0,0,0.01,"JORN","Soil heat flux plate","SHFVoltage","Soil Plot 3, depth 1"
"NEON.D14.JORN.DP0.00040.001.01799.003.501.000",0,0.02,1,"JORN","Soil heat flux plate","SHFCalHeaterFlag","Soil Plot 3, depth 1"
"NEON.D14.JORN.DP0.00040.001.01800.003.501.000",0,0.01,0.57,"JORN","Soil heat flux plate","curVoltage","Soil Plot 3, depth 1"
"NEON.D14.JORN.DP0.00040.001.01798.005.501.000",0,0,0.01,"JORN","Soil heat flux plate","SHFVoltage","Soil Plot 5, depth 1"
"NEON.D14.JORN.DP0.00040.001.01799.005.501.000",0,0.02,1,"JORN","Soil heat flux plate","SHFCalHeaterFlag","Soil Plot 5, depth 1"
"NEON.D14.JORN.DP0.00040.001.01800.005.501.000",0,0.01,0.58,"JORN","Soil heat flux plate","curVoltage","Soil Plot 5, depth 1"
"NEON.D14.JORN.DP0.00041.001.01728.001.501.000",105.33,108.17,112.58,"JORN","Soil temperature","soilPRTResistance","Soil Plot 1, depth 1"
"NEON.D14.JORN.DP0.00041.001.01728.001.502.000",106.08,108.32,111.28,"JORN","Soil temperature","soilPRTResistance","Soil Plot 1, depth 2"
"NEON.D14.JORN.DP0.00041.001.01728.001.503.000",-1249.9,369.13,1249.89,"JORN","Soil temperature","soilPRTResistance","Soil Plot 1, depth 3"
"NEON.D14.JORN.DP0.00041.001.01728.001.504.000",-1249.9,938.98,1249.89,"JORN","Soil temperature","soilPRTResistance","Soil Plot 1, depth 4"
"NEON.D14.JORN.DP0.00041.001.01728.001.505.000",109.43,109.62,109.7,"JORN","Soil temperature","soilPRTResistance","Soil Plot 1, depth 5"
"NEON.D14.JORN.DP0.00041.001.01728.001.506.000",0.78,79.88,645.7,"JORN","Soil temperature","soilPRTResistance","Soil Plot 1, depth 6"
"NEON.D14.JORN.DP0.00041.001.01728.001.507.000",-1249.89,285.3,1249.88,"JORN","Soil temperature","soilPRTResistance","Soil Plot 1, depth 7"
"NEON.D14.JORN.DP0.00041.001.01728.001.508.000",109.97,109.99,110.25,"JORN","Soil temperature","soilPRTResistance","Soil Plot 1, depth 8"
"NEON.D14.JORN.DP0.00041.001.01728.001.509.000",196.88,197.02,197.38,"JORN","Soil temperature","soilPRTResistance","Soil Plot 1, depth 9"
"NEON.D14.JORN.DP0.00041.001.01728.002.501.000",105.68,108.2,111.78,"JORN","Soil temperature","soilPRTResistance","Soil Plot 2, depth 1"
"NEON.D14.JORN.DP0.00041.001.01728.002.502.000",-1249.88,807.19,1249.89,"JORN","Soil temperature","soilPRTResistance","Soil Plot 2, depth 2"
"NEON.D14.JORN.DP0.00041.001.01728.002.503.000",313.28,348.8,523.34,"JORN","Soil temperature","soilPRTResistance","Soil Plot 2, depth 3"
"NEON.D14.JORN.DP0.00041.001.01728.002.504.000",-1249.92,264.22,1249.93,"JORN","Soil temperature","soilPRTResistance","Soil Plot 2, depth 4"
"NEON.D14.JORN.DP0.00041.001.01728.002.506.000",-199.27,228.7,592.36,"JORN","Soil temperature","soilPRTResistance","Soil Plot 2, depth 6"
"NEON.D14.JORN.DP0.00041.001.01728.002.508.000",-1249.91,316.04,1249.91,"JORN","Soil temperature","soilPRTResistance","Soil Plot 2, depth 8"
"NEON.D14.JORN.DP0.00041.001.01728.002.509.000",139.18,202.82,403.7,"JORN","Soil temperature","soilPRTResistance","Soil Plot 2, depth 9"
"NEON.D14.JORN.DP0.00041.001.01728.003.501.000",106.14,109.01,112.56,"JORN","Soil temperature","soilPRTResistance","Soil Plot 3, depth 1"
"NEON.D14.JORN.DP0.00041.001.01728.003.503.000",-1249.75,255.68,1249.72,"JORN","Soil temperature","soilPRTResistance","Soil Plot 3, depth 3"
"NEON.D14.JORN.DP0.00041.001.01728.003.504.000",-1249.75,284.58,1249.72,"JORN","Soil temperature","soilPRTResistance","Soil Plot 3, depth 4"
"NEON.D14.JORN.DP0.00041.001.01728.003.507.000",110.17,110.24,110.31,"JORN","Soil temperature","soilPRTResistance","Soil Plot 3, depth 7"
"NEON.D14.JORN.DP0.00041.001.01728.003.509.000",590.8,634.89,780.3,"JORN","Soil temperature","soilPRTResistance","Soil Plot 3, depth 9"
"NEON.D14.JORN.DP0.00041.001.01728.004.501.000",106.02,108.19,110.5,"JORN","Soil temperature","soilPRTResistance","Soil Plot 4, depth 1"
"NEON.D14.JORN.DP0.00041.001.01728.004.502.000",106.68,108.36,110.18,"JORN","Soil temperature","soilPRTResistance","Soil Plot 4, depth 2"
"NEON.D14.JORN.DP0.00041.001.01728.004.503.000",-1249.68,310.67,1249.67,"JORN","Soil temperature","soilPRTResistance","Soil Plot 4, depth 3"
"NEON.D14.JORN.DP0.00041.001.01728.004.504.000",-1249.69,355.01,1249.68,"JORN","Soil temperature","soilPRTResistance","Soil Plot 4, depth 4"
"NEON.D14.JORN.DP0.00041.001.01728.004.505.000",170.08,184.9,200.17,"JORN","Soil temperature","soilPRTResistance","Soil Plot 4, depth 5"
"NEON.D14.JORN.DP0.00041.001.01728.004.506.000",-1249.69,363.44,1249.68,"JORN","Soil temperature","soilPRTResistance","Soil Plot 4, depth 6"
"NEON.D14.JORN.DP0.00041.001.01728.004.508.000",-1250.09,384.33,1250.07,"JORN","Soil temperature","soilPRTResistance","Soil Plot 4, depth 8"
"NEON.D14.JORN.DP0.00041.001.01728.004.509.000",116.38,116.4,116.42,"JORN","Soil temperature","soilPRTResistance","Soil Plot 4, depth 9"
"NEON.D14.JORN.DP0.00041.001.01728.005.501.000",105.77,108.52,112.24,"JORN","Soil temperature","soilPRTResistance","Soil Plot 5, depth 1"
"NEON.D14.JORN.DP0.00041.001.01728.005.502.000",106.39,108.68,111.62,"JORN","Soil temperature","soilPRTResistance","Soil Plot 5, depth 2"
"NEON.D14.JORN.DP0.00041.001.01728.005.503.000",1249.62,1249.74,1249.86,"JORN","Soil temperature","soilPRTResistance","Soil Plot 5, depth 3"
"NEON.D14.JORN.DP0.00041.001.01728.005.504.000",171.2,242.34,469.26,"JORN","Soil temperature","soilPRTResistance","Soil Plot 5, depth 4"
"NEON.D14.JORN.DP0.00041.001.01728.005.507.000",161.91,1248.64,1249.77,"JORN","Soil temperature","soilPRTResistance","Soil Plot 5, depth 7"
"NEON.D14.JORN.DP0.00041.001.01728.005.508.000",-1249.75,302.54,1249.77,"JORN","Soil temperature","soilPRTResistance","Soil Plot 5, depth 8"
"NEON.D14.JORN.DP0.00041.001.01728.005.509.000",-1249.79,317.31,1249.73,"JORN","Soil temperature","soilPRTResistance","Soil Plot 5, depth 9"
"NEON.D14.JORN.DP0.00066.001.01329.001.000.000",0,0,0.01,"JORN","Photosynthetically active radiation (Quantum Line)","linePAR","Soil Plot 1"
"NEON.D14.JORN.DP0.00066.001.01329.003.000.000",0,0,0.02,"JORN","Photosynthetically active radiation (Quantum Line)","linePAR","Soil Plot 3"
"NEON.D14.JORN.DP0.00066.001.01329.005.000.000",0,0,0.01,"JORN","Photosynthetically active radiation (Quantum Line)","linePAR","Soil Plot 5"
"NEON.D14.JORN.DP0.00094.001.02081.001.501.000",NA,NA,NA,"JORN","Soil water and salinity","rawVSWC0","Soil Plot 1, depth 1"
"NEON.D14.JORN.DP0.00094.001.02082.001.501.000",NA,NA,NA,"JORN","Soil water and salinity","rawVSIC0","Soil Plot 1, depth 1"
"NEON.D14.JORN.DP0.00094.001.02083.001.501.000",NA,NA,NA,"JORN","Soil water and salinity","rawVSWC1","Soil Plot 1, depth 1"
"NEON.D14.JORN.DP0.00094.001.02084.001.501.000",NA,NA,NA,"JORN","Soil water and salinity","rawVSIC1","Soil Plot 1, depth 1"
"NEON.D14.JORN.DP0.00094.001.02085.001.501.000",NA,NA,NA,"JORN","Soil water and salinity","rawVSWC2","Soil Plot 1, depth 1"
"NEON.D14.JORN.DP0.00094.001.02086.001.501.000",NA,NA,NA,"JORN","Soil water and salinity","rawVSIC2","Soil Plot 1, depth 1"
"NEON.D14.JORN.DP0.00094.001.02087.001.501.000",NA,NA,NA,"JORN","Soil water and salinity","rawVSWC3","Soil Plot 1, depth 1"
"NEON.D14.JORN.DP0.00094.001.02088.001.501.000",NA,NA,NA,"JORN","Soil water and salinity","rawVSIC3","Soil Plot 1, depth 1"
"NEON.D14.JORN.DP0.00094.001.02089.001.501.000",NA,NA,NA,"JORN","Soil water and salinity","rawVSWC4","Soil Plot 1, depth 1"
"NEON.D14.JORN.DP0.00094.001.02090.001.501.000",NA,NA,NA,"JORN","Soil water and salinity","rawVSIC4","Soil Plot 1, depth 1"
"NEON.D14.JORN.DP0.00094.001.02091.001.501.000",NA,NA,NA,"JORN","Soil water and salinity","rawVSWC5","Soil Plot 1, depth 1"
"NEON.D14.JORN.DP0.00094.001.02092.001.501.000",NA,NA,NA,"JORN","Soil water and salinity","rawVSIC5","Soil Plot 1, depth 1"
"NEON.D14.JORN.DP0.00094.001.02093.001.501.000",NA,NA,NA,"JORN","Soil water and salinity","rawVSWC6","Soil Plot 1, depth 1"
"NEON.D14.JORN.DP0.00094.001.02094.001.501.000",NA,NA,NA,"JORN","Soil water and salinity","rawVSIC6","Soil Plot 1, depth 1"
"NEON.D14.JORN.DP0.00094.001.02095.001.501.000",NA,NA,NA,"JORN","Soil water and salinity","rawVSWC7","Soil Plot 1, depth 1"
"NEON.D14.JORN.DP0.00094.001.02096.001.501.000",NA,NA,NA,"JORN","Soil water and salinity","rawVSIC7","Soil Plot 1, depth 1"
"NEON.D14.JORN.DP0.00094.001.02081.002.501.000",NA,NA,NA,"JORN","Soil water and salinity","rawVSWC0","Soil Plot 2, depth 1"
"NEON.D14.JORN.DP0.00094.001.02082.002.501.000",1915.63,2031.53,2094.98,"JORN","Soil water and salinity","rawVSIC0","Soil Plot 2, depth 1"
"NEON.D14.JORN.DP0.00094.001.02083.002.501.000",NA,NA,NA,"JORN","Soil water and salinity","rawVSWC1","Soil Plot 2, depth 1"
"NEON.D14.JORN.DP0.00094.001.02084.002.501.000",1810.75,1829.72,1847.44,"JORN","Soil water and salinity","rawVSIC1","Soil Plot 2, depth 1"
"NEON.D14.JORN.DP0.00094.001.02085.002.501.000",NA,NA,NA,"JORN","Soil water and salinity","rawVSWC2","Soil Plot 2, depth 1"
"NEON.D14.JORN.DP0.00094.001.02086.002.501.000",1841.42,1847.24,1858.37,"JORN","Soil water and salinity","rawVSIC2","Soil Plot 2, depth 1"
"NEON.D14.JORN.DP0.00094.001.02087.002.501.000",NA,NA,NA,"JORN","Soil water and salinity","rawVSWC3","Soil Plot 2, depth 1"
"NEON.D14.JORN.DP0.00094.001.02088.002.501.000",1983.98,1986.75,1988.81,"JORN","Soil water and salinity","rawVSIC3","Soil Plot 2, depth 1"
"NEON.D14.JORN.DP0.00094.001.02089.002.501.000",NA,NA,NA,"JORN","Soil water and salinity","rawVSWC4","Soil Plot 2, depth 1"
"NEON.D14.JORN.DP0.00094.001.02090.002.501.000",1653.36,1655.96,1658.23,"JORN","Soil water and salinity","rawVSIC4","Soil Plot 2, depth 1"
"NEON.D14.JORN.DP0.00094.001.02091.002.501.000",NA,NA,NA,"JORN","Soil water and salinity","rawVSWC5","Soil Plot 2, depth 1"
"NEON.D14.JORN.DP0.00094.001.02092.002.501.000",1581.29,1584.59,1587.92,"JORN","Soil water and salinity","rawVSIC5","Soil Plot 2, depth 1"
"NEON.D14.JORN.DP0.00094.001.02093.002.501.000",NA,NA,NA,"JORN","Soil water and salinity","rawVSWC6","Soil Plot 2, depth 1"
"NEON.D14.JORN.DP0.00094.001.02094.002.501.000",1480.04,1484.37,1487.29,"JORN","Soil water and salinity","rawVSIC6","Soil Plot 2, depth 1"
"NEON.D14.JORN.DP0.00094.001.02095.002.501.000",NA,NA,NA,"JORN","Soil water and salinity","rawVSWC7","Soil Plot 2, depth 1"
"NEON.D14.JORN.DP0.00094.001.02096.002.501.000",1650.82,1655.52,1716.57,"JORN","Soil water and salinity","rawVSIC7","Soil Plot 2, depth 1"
"NEON.D14.JORN.DP0.00094.001.02081.003.501.000",NA,NA,NA,"JORN","Soil water and salinity","rawVSWC0","Soil Plot 3, depth 1"
"NEON.D14.JORN.DP0.00094.001.02082.003.501.000",NA,NA,NA,"JORN","Soil water and salinity","rawVSIC0","Soil Plot 3, depth 1"
"NEON.D14.JORN.DP0.00094.001.02083.003.501.000",NA,NA,NA,"JORN","Soil water and salinity","rawVSWC1","Soil Plot 3, depth 1"
"NEON.D14.JORN.DP0.00094.001.02084.003.501.000",NA,NA,NA,"JORN","Soil water and salinity","rawVSIC1","Soil Plot 3, depth 1"
"NEON.D14.JORN.DP0.00094.001.02085.003.501.000",NA,NA,NA,"JORN","Soil water and salinity","rawVSWC2","Soil Plot 3, depth 1"
"NEON.D14.JORN.DP0.00094.001.02086.003.501.000",NA,NA,NA,"JORN","Soil water and salinity","rawVSIC2","Soil Plot 3, depth 1"
"NEON.D14.JORN.DP0.00094.001.02087.003.501.000",NA,NA,NA,"JORN","Soil water and salinity","rawVSWC3","Soil Plot 3, depth 1"
"NEON.D14.JORN.DP0.00094.001.02088.003.501.000",NA,NA,NA,"JORN","Soil water and salinity","rawVSIC3","Soil Plot 3, depth 1"
"NEON.D14.JORN.DP0.00094.001.02089.003.501.000",NA,NA,NA,"JORN","Soil water and salinity","rawVSWC4","Soil Plot 3, depth 1"
"NEON.D14.JORN.DP0.00094.001.02090.003.501.000",NA,NA,NA,"JORN","Soil water and salinity","rawVSIC4","Soil Plot 3, depth 1"
"NEON.D14.JORN.DP0.00094.001.02091.003.501.000",NA,NA,NA,"JORN","Soil water and salinity","rawVSWC5","Soil Plot 3, depth 1"
"NEON.D14.JORN.DP0.00094.001.02092.003.501.000",NA,NA,NA,"JORN","Soil water and salinity","rawVSIC5","Soil Plot 3, depth 1"
"NEON.D14.JORN.DP0.00094.001.02093.003.501.000",NA,NA,NA,"JORN","Soil water and salinity","rawVSWC6","Soil Plot 3, depth 1"
"NEON.D14.JORN.DP0.00094.001.02094.003.501.000",NA,NA,NA,"JORN","Soil water and salinity","rawVSIC6","Soil Plot 3, depth 1"
"NEON.D14.JORN.DP0.00094.001.02095.003.501.000",NA,NA,NA,"JORN","Soil water and salinity","rawVSWC7","Soil Plot 3, depth 1"
"NEON.D14.JORN.DP0.00094.001.02096.003.501.000",NA,NA,NA,"JORN","Soil water and salinity","rawVSIC7","Soil Plot 3, depth 1"
"NEON.D14.JORN.DP0.00094.001.02081.004.501.000",NA,NA,NA,"JORN","Soil water and salinity","rawVSWC0","Soil Plot 4, depth 1"
"NEON.D14.JORN.DP0.00094.001.02082.004.501.000",NA,NA,NA,"JORN","Soil water and salinity","rawVSIC0","Soil Plot 4, depth 1"
"NEON.D14.JORN.DP0.00094.001.02083.004.501.000",NA,NA,NA,"JORN","Soil water and salinity","rawVSWC1","Soil Plot 4, depth 1"
"NEON.D14.JORN.DP0.00094.001.02084.004.501.000",NA,NA,NA,"JORN","Soil water and salinity","rawVSIC1","Soil Plot 4, depth 1"
"NEON.D14.JORN.DP0.00094.001.02085.004.501.000",NA,NA,NA,"JORN","Soil water and salinity","rawVSWC2","Soil Plot 4, depth 1"
"NEON.D14.JORN.DP0.00094.001.02086.004.501.000",NA,NA,NA,"JORN","Soil water and salinity","rawVSIC2","Soil Plot 4, depth 1"
"NEON.D14.JORN.DP0.00094.001.02087.004.501.000",NA,NA,NA,"JORN","Soil water and salinity","rawVSWC3","Soil Plot 4, depth 1"
"NEON.D14.JORN.DP0.00094.001.02088.004.501.000",NA,NA,NA,"JORN","Soil water and salinity","rawVSIC3","Soil Plot 4, depth 1"
"NEON.D14.JORN.DP0.00094.001.02089.004.501.000",NA,NA,NA,"JORN","Soil water and salinity","rawVSWC4","Soil Plot 4, depth 1"
"NEON.D14.JORN.DP0.00094.001.02090.004.501.000",NA,NA,NA,"JORN","Soil water and salinity","rawVSIC4","Soil Plot 4, depth 1"
"NEON.D14.JORN.DP0.00094.001.02091.004.501.000",NA,NA,NA,"JORN","Soil water and salinity","rawVSWC5","Soil Plot 4, depth 1"
"NEON.D14.JORN.DP0.00094.001.02092.004.501.000",NA,NA,NA,"JORN","Soil water and salinity","rawVSIC5","Soil Plot 4, depth 1"
"NEON.D14.JORN.DP0.00094.001.02093.004.501.000",NA,NA,NA,"JORN","Soil water and salinity","rawVSWC6","Soil Plot 4, depth 1"
"NEON.D14.JORN.DP0.00094.001.02094.004.501.000",NA,NA,NA,"JORN","Soil water and salinity","rawVSIC6","Soil Plot 4, depth 1"
"NEON.D14.JORN.DP0.00094.001.02095.004.501.000",NA,NA,NA,"JORN","Soil water and salinity","rawVSWC7","Soil Plot 4, depth 1"
"NEON.D14.JORN.DP0.00094.001.02096.004.501.000",NA,NA,NA,"JORN","Soil water and salinity","rawVSIC7","Soil Plot 4, depth 1"
"NEON.D14.JORN.DP0.00094.001.02081.005.501.000",NA,NA,NA,"JORN","Soil water and salinity","rawVSWC0","Soil Plot 5, depth 1"
"NEON.D14.JORN.DP0.00094.001.02082.005.501.000",NA,NA,NA,"JORN","Soil water and salinity","rawVSIC0","Soil Plot 5, depth 1"
"NEON.D14.JORN.DP0.00094.001.02083.005.501.000",NA,NA,NA,"JORN","Soil water and salinity","rawVSWC1","Soil Plot 5, depth 1"
"NEON.D14.JORN.DP0.00094.001.02084.005.501.000",NA,NA,NA,"JORN","Soil water and salinity","rawVSIC1","Soil Plot 5, depth 1"
"NEON.D14.JORN.DP0.00094.001.02085.005.501.000",NA,NA,NA,"JORN","Soil water and salinity","rawVSWC2","Soil Plot 5, depth 1"
"NEON.D14.JORN.DP0.00094.001.02086.005.501.000",NA,NA,NA,"JORN","Soil water and salinity","rawVSIC2","Soil Plot 5, depth 1"
"NEON.D14.JORN.DP0.00094.001.02087.005.501.000",NA,NA,NA,"JORN","Soil water and salinity","rawVSWC3","Soil Plot 5, depth 1"
"NEON.D14.JORN.DP0.00094.001.02088.005.501.000",NA,NA,NA,"JORN","Soil water and salinity","rawVSIC3","Soil Plot 5, depth 1"
"NEON.D14.JORN.DP0.00094.001.02089.005.501.000",NA,NA,NA,"JORN","Soil water and salinity","rawVSWC4","Soil Plot 5, depth 1"
"NEON.D14.JORN.DP0.00094.001.02090.005.501.000",NA,NA,NA,"JORN","Soil water and salinity","rawVSIC4","Soil Plot 5, depth 1"
"NEON.D14.JORN.DP0.00094.001.02091.005.501.000",NA,NA,NA,"JORN","Soil water and salinity","rawVSWC5","Soil Plot 5, depth 1"
"NEON.D14.JORN.DP0.00094.001.02092.005.501.000",NA,NA,NA,"JORN","Soil water and salinity","rawVSIC5","Soil Plot 5, depth 1"
"NEON.D14.JORN.DP0.00094.001.02093.005.501.000",NA,NA,NA,"JORN","Soil water and salinity","rawVSWC6","Soil Plot 5, depth 1"
"NEON.D14.JORN.DP0.00094.001.02094.005.501.000",NA,NA,NA,"JORN","Soil water and salinity","rawVSIC6","Soil Plot 5, depth 1"
"NEON.D14.JORN.DP0.00094.001.02095.005.501.000",NA,NA,NA,"JORN","Soil water and salinity","rawVSWC7","Soil Plot 5, depth 1"
"NEON.D14.JORN.DP0.00094.001.02096.005.501.000",NA,NA,NA,"JORN","Soil water and salinity","rawVSIC7","Soil Plot 5, depth 1"
"NEON.D14.JORN.DP0.00095.001.01729.001.501.000",781.7,903.25,1276.3,"JORN","Soil CO2 concentration","rawCO2","Soil Plot 1, depth 1"
"NEON.D14.JORN.DP0.00095.001.01730.001.501.000",13,23.72,37.3,"JORN","Soil CO2 concentration","headspaceTemp","Soil Plot 1, depth 1"
"NEON.D14.JORN.DP0.00095.001.01731.001.501.000",0,0,0,"JORN","Soil CO2 concentration","errorStatus","Soil Plot 1, depth 1"
"NEON.D14.JORN.DP0.00095.001.01729.001.502.000",1037.6,1244.95,1621.7,"JORN","Soil CO2 concentration","rawCO2","Soil Plot 1, depth 2"
"NEON.D14.JORN.DP0.00095.001.01730.001.502.000",15.3,23.81,34,"JORN","Soil CO2 concentration","headspaceTemp","Soil Plot 1, depth 2"
"NEON.D14.JORN.DP0.00095.001.01731.001.502.000",0,0,0,"JORN","Soil CO2 concentration","errorStatus","Soil Plot 1, depth 2"
"NEON.D14.JORN.DP0.00095.001.01729.001.503.000",-11190626300,-2002803710.17,-455008832,"JORN","Soil CO2 concentration","rawCO2","Soil Plot 1, depth 3"
"NEON.D14.JORN.DP0.00095.001.01730.001.503.000",17.4,23.22,30.5,"JORN","Soil CO2 concentration","headspaceTemp","Soil Plot 1, depth 3"
"NEON.D14.JORN.DP0.00095.001.01731.001.503.000",0,0,0,"JORN","Soil CO2 concentration","errorStatus","Soil Plot 1, depth 3"
"NEON.D14.JORN.DP0.00095.001.01729.002.501.000",561.2,616.85,779.4,"JORN","Soil CO2 concentration","rawCO2","Soil Plot 2, depth 1"
"NEON.D14.JORN.DP0.00095.001.01730.002.501.000",13.2,23.44,36.1,"JORN","Soil CO2 concentration","headspaceTemp","Soil Plot 2, depth 1"
"NEON.D14.JORN.DP0.00095.001.01731.002.501.000",0,0,0,"JORN","Soil CO2 concentration","errorStatus","Soil Plot 2, depth 1"
"NEON.D14.JORN.DP0.00095.001.01729.002.502.000",914.6,1117.88,1460.5,"JORN","Soil CO2 concentration","rawCO2","Soil Plot 2, depth 2"
"NEON.D14.JORN.DP0.00095.001.01730.002.502.000",14.5,23.17,32.6,"JORN","Soil CO2 concentration","headspaceTemp","Soil Plot 2, depth 2"
"NEON.D14.JORN.DP0.00095.001.01731.002.502.000",0,0,0,"JORN","Soil CO2 concentration","errorStatus","Soil Plot 2, depth 2"
"NEON.D14.JORN.DP0.00095.001.01729.002.503.000",1073.2,1292.57,1545,"JORN","Soil CO2 concentration","rawCO2","Soil Plot 2, depth 3"
"NEON.D14.JORN.DP0.00095.001.01730.002.503.000",17.9,24.23,31.7,"JORN","Soil CO2 concentration","headspaceTemp","Soil Plot 2, depth 3"
"NEON.D14.JORN.DP0.00095.001.01731.002.503.000",0,0,0,"JORN","Soil CO2 concentration","errorStatus","Soil Plot 2, depth 3"
"NEON.D14.JORN.DP0.00095.001.01729.003.501.000",597.5,652.82,779.9,"JORN","Soil CO2 concentration","rawCO2","Soil Plot 3, depth 1"
"NEON.D14.JORN.DP0.00095.001.01730.003.501.000",13.5,23.48,35.2,"JORN","Soil CO2 concentration","headspaceTemp","Soil Plot 3, depth 1"
"NEON.D14.JORN.DP0.00095.001.01731.003.501.000",0,0,0,"JORN","Soil CO2 concentration","errorStatus","Soil Plot 3, depth 1"
"NEON.D14.JORN.DP0.00095.001.01729.003.502.000",1006.3,1147.16,1396.4,"JORN","Soil CO2 concentration","rawCO2","Soil Plot 3, depth 2"
"NEON.D14.JORN.DP0.00095.001.01730.003.502.000",15.6,23.49,32.8,"JORN","Soil CO2 concentration","headspaceTemp","Soil Plot 3, depth 2"
"NEON.D14.JORN.DP0.00095.001.01731.003.502.000",0,0,0,"JORN","Soil CO2 concentration","errorStatus","Soil Plot 3, depth 2"
"NEON.D14.JORN.DP0.00095.001.01729.003.503.000",1296.7,1464.22,1659.5,"JORN","Soil CO2 concentration","rawCO2","Soil Plot 3, depth 3"
"NEON.D14.JORN.DP0.00095.001.01730.003.503.000",18,23.46,30.1,"JORN","Soil CO2 concentration","headspaceTemp","Soil Plot 3, depth 3"
"NEON.D14.JORN.DP0.00095.001.01731.003.503.000",0,0,0,"JORN","Soil CO2 concentration","errorStatus","Soil Plot 3, depth 3"
"NEON.D14.JORN.DP0.00095.001.01729.004.501.000",-4509955580,-974492283.63,-159343776,"JORN","Soil CO2 concentration","rawCO2","Soil Plot 4, depth 1"
"NEON.D14.JORN.DP0.00095.001.01730.004.501.000",12.6,22.35,34.6,"JORN","Soil CO2 concentration","headspaceTemp","Soil Plot 4, depth 1"
"NEON.D14.JORN.DP0.00095.001.01731.004.501.000",0,0,0,"JORN","Soil CO2 concentration","errorStatus","Soil Plot 4, depth 1"
"NEON.D14.JORN.DP0.00095.001.01729.004.502.000",949.2,1161.23,1431,"JORN","Soil CO2 concentration","rawCO2","Soil Plot 4, depth 2"
"NEON.D14.JORN.DP0.00095.001.01730.004.502.000",15.6,24.21,34.2,"JORN","Soil CO2 concentration","headspaceTemp","Soil Plot 4, depth 2"
"NEON.D14.JORN.DP0.00095.001.01731.004.502.000",0,0,0,"JORN","Soil CO2 concentration","errorStatus","Soil Plot 4, depth 2"
"NEON.D14.JORN.DP0.00095.001.01729.004.503.000",1293.6,1445.91,1600.9,"JORN","Soil CO2 concentration","rawCO2","Soil Plot 4, depth 3"
"NEON.D14.JORN.DP0.00095.001.01730.004.503.000",19,24.63,31.2,"JORN","Soil CO2 concentration","headspaceTemp","Soil Plot 4, depth 3"
"NEON.D14.JORN.DP0.00095.001.01731.004.503.000",0,0,0,"JORN","Soil CO2 concentration","errorStatus","Soil Plot 4, depth 3"
"NEON.D14.JORN.DP0.00095.001.01729.005.501.000",689.4,757.5,881.4,"JORN","Soil CO2 concentration","rawCO2","Soil Plot 5, depth 1"
"NEON.D14.JORN.DP0.00095.001.01730.005.501.000",13.8,23.5,35.1,"JORN","Soil CO2 concentration","headspaceTemp","Soil Plot 5, depth 1"
"NEON.D14.JORN.DP0.00095.001.01731.005.501.000",0,0,0,"JORN","Soil CO2 concentration","errorStatus","Soil Plot 5, depth 1"
"NEON.D14.JORN.DP0.00095.001.01729.005.502.000",1396,1712.14,2180.6,"JORN","Soil CO2 concentration","rawCO2","Soil Plot 5, depth 2"
"NEON.D14.JORN.DP0.00095.001.01730.005.502.000",15.5,24.09,35.6,"JORN","Soil CO2 concentration","headspaceTemp","Soil Plot 5, depth 2"
"NEON.D14.JORN.DP0.00095.001.01731.005.502.000",0,0,0,"JORN","Soil CO2 concentration","errorStatus","Soil Plot 5, depth 2"
"NEON.D14.JORN.DP0.00095.001.01729.005.503.000",1496.6,1710.05,1896.9,"JORN","Soil CO2 concentration","rawCO2","Soil Plot 5, depth 3"
"NEON.D14.JORN.DP0.00095.001.01730.005.503.000",18.3,23.54,29.8,"JORN","Soil CO2 concentration","headspaceTemp","Soil Plot 5, depth 3"
"NEON.D14.JORN.DP0.00095.001.01731.005.503.000",0,0,0,"JORN","Soil CO2 concentration","errorStatus","Soil Plot 5, depth 3"
"NEON.D14.JORN.DP0.00098.001.01309.003.000.000",8.88,19.28,30.02,"JORN","Relative Humidity","sensorTemp","Soil Plot 3"
"NEON.D14.JORN.DP0.00098.001.01357.003.000.000",11.62,59.79,97.01,"JORN","Relative Humidity","RH","Soil Plot 3"
"NEON.D14.JORN.DP0.00098.001.01358.003.000.000",-3.28,8.74,13,"JORN","Relative Humidity","dewPoint","Soil Plot 3"
"NEON.D14.JORN.DP0.00098.001.01359.003.000.000",0,0,0,"JORN","Relative Humidity","RHStatus","Soil Plot 3"
"NEON.D14.JORN.DP0.00098.001.01309.000.040.000",11.39,20.59,31.89,"JORN","Relative Humidity","sensorTemp","Meas. Level 4"
"NEON.D14.JORN.DP0.00098.001.01357.000.040.000",10.43,51.51,92.64,"JORN","Relative Humidity","RH","Meas. Level 4"
"NEON.D14.JORN.DP0.00098.001.01358.000.040.000",-3.76,7.97,12.51,"JORN","Relative Humidity","dewPoint","Meas. Level 4"
"NEON.D14.JORN.DP0.00098.001.01359.000.040.000",0,0,0,"JORN","Relative Humidity","RHStatus","Meas. Level 4"
"NEON.D14.JORN.DP0.00105.001.02316.700.000.000",-2.57,413.26,522.27,"JORN","ECSE profile CO2 & H2O concentration (storage)","fwMoleCO2","Hut"
"NEON.D14.JORN.DP0.00106.001.01951.700.000.000",0.82,1,1.26,"JORN","ECSE profile mass flow controller (sampling)","frt0","Hut"
"NEON.D14.JORN.DP0.00112.001.02351.700.000.000",3.31,3.35,3.41,"JORN","ECSE profile sampling pump","pumpVoltage","Hut"
"NEON.D14.JORN.DP0.00112.001.02351.700.010.000",3.3,3.46,3.53,"JORN","ECSE profile sampling pump","pumpVoltage","Hut, ML-1"
"NEON.D14.JORN.DP0.00112.001.02351.700.020.000",4.13,4.33,4.44,"JORN","ECSE profile sampling pump","pumpVoltage","Hut, ML-2"
"NEON.D14.JORN.DP0.00112.001.02351.700.030.000",3.49,4.49,4.64,"JORN","ECSE profile sampling pump","pumpVoltage","Hut, ML-3"
"NEON.D14.JORN.DP0.00112.001.02351.700.040.000",2.12,3.36,3.43,"JORN","ECSE profile sampling pump","pumpVoltage","Hut, ML-4"
"NEON.D14.JORN.DP0.00105.001.02348.700.000.000",-0.26,12.92,19.86,"JORN","ECSE profile CO2 & H2O concentration (storage)","fwMoleH2O","Hut"
"NEON.D14.JORN.DP0.00109.001.02196.000.010.000",37.43,38.9,40.55,"JORN","ECSE profile inlet pressure","presGage","Meas. Level 1"
"NEON.D14.JORN.DP0.00109.001.02196.000.020.000",37.28,38.9,40.59,"JORN","ECSE profile inlet pressure","presGage","Meas. Level 2"
"NEON.D14.JORN.DP0.00109.001.02196.000.030.000",37.18,38.91,65.18,"JORN","ECSE profile inlet pressure","presGage","Meas. Level 3"
"NEON.D14.JORN.DP0.00109.001.02196.000.040.000",37.51,38.91,64.79,"JORN","ECSE profile inlet pressure","presGage","Meas. Level 4"
"NEON.D14.JORN.DP0.00108.001.01951.700.010.000",6.14,7.17,7.95,"JORN","ECSE profile mass flow meter","frt0","Hut, ML-1"
"NEON.D14.JORN.DP0.00108.001.01951.700.020.000",6.4,7.47,8.08,"JORN","ECSE profile mass flow meter","frt0","Hut, ML-2"
"NEON.D14.JORN.DP0.00108.001.01951.700.030.000",5.51,7.33,10.73,"JORN","ECSE profile mass flow meter","frt0","Hut, ML-3"
"NEON.D14.JORN.DP0.00108.001.01951.700.040.000",0.13,7.35,13.43,"JORN","ECSE profile mass flow meter","frt0","Hut, ML-4"
"NEON.D14.JORN.DP0.00108.001.01948.700.010.000",32.5,34.1,36,"JORN","ECSE profile mass flow meter","presAtm","Hut, ML-1"
"NEON.D14.JORN.DP0.00108.001.01948.700.020.000",32.7,34.43,36.4,"JORN","ECSE profile mass flow meter","presAtm","Hut, ML-2"
"NEON.D14.JORN.DP0.00108.001.01948.700.030.000",32.1,33.98,55.3,"JORN","ECSE profile mass flow meter","presAtm","Hut, ML-3"
"NEON.D14.JORN.DP0.00108.001.01948.700.040.000",32.6,34.05,53.8,"JORN","ECSE profile mass flow meter","presAtm","Hut, ML-4"
"NEON.D14.JORN.DP0.00104.001.02344.700.000.000",30.7,31.41,32,"JORN","Hut environment","tempHut","Hut"
"NEON.D14.JORN.DP0.00104.001.02347.700.000.000",3.9,7.69,9.4,"JORN","Hut environment","H2OMixRatioHut","Hut"
"NEON.D14.JORN.DP0.00102.001.02316.700.000.000",359.19,412.33,512.2,"JORN","Atmospheric CO2 Isotope","fwMoleCO2","Hut"
"NEON.D14.JORN.DP0.00102.001.02325.700.000.000",0,1.29,1.75,"JORN","Atmospheric CO2 Isotope","percentFwMoleH2O","Hut"
"NEON.D14.JORN.DP0.00102.001.02324.700.000.000",-34.58,-10.49,11.06,"JORN","Atmospheric CO2 Isotope","d13CO2","Hut"
"NEON.D14.JORN.DP0.00002.001.01319.000.010.000",NA,NA,NA,"JORN","Single Aspirated Air Temperature","heaterFlag","Meas. Level 1"
"NEON.D14.JORN.DP0.00002.001.01319.000.020.000",NA,NA,NA,"JORN","Single Aspirated Air Temperature","heaterFlag","Meas. Level 2"
"NEON.D14.JORN.DP0.00002.001.01319.000.030.000",NA,NA,NA,"JORN","Single Aspirated Air Temperature","heaterFlag","Meas. Level 3"
"NEON.D14.JORN.DP0.00003.001.01319.000.040.000",NA,NA,NA,"JORN","Triple Aspirated Air Temperature","heaterFlag","Meas. Level 4"
"NEON.D14.JORN.DP0.00006.001.01897.001.000.000",NA,NA,NA,"JORN","Precipitation","strainGauge1Stability","Soil Plot 1"
"NEON.D14.JORN.DP0.00006.001.01898.001.000.000",NA,NA,NA,"JORN","Precipitation","strainGauge1Temp","Soil Plot 1"
"NEON.D14.JORN.DP0.00006.001.01900.001.000.000",NA,NA,NA,"JORN","Precipitation","strainGauge1FreqRaw","Soil Plot 1"
"NEON.D14.JORN.DP0.00006.001.01901.001.000.000",NA,NA,NA,"JORN","Precipitation","strainGauge1Weight","Soil Plot 1"
"NEON.D14.JORN.DP0.00006.001.01903.001.000.000",NA,NA,NA,"JORN","Precipitation","totalGaugeWeight","Soil Plot 1"
"NEON.D14.JORN.DP0.00006.001.01904.001.000.000",NA,NA,NA,"JORN","Precipitation","totalPrecipDepth","Soil Plot 1"
"NEON.D14.JORN.DP0.00006.001.01905.001.000.000",NA,NA,NA,"JORN","Precipitation","inletTemp","Soil Plot 1"
"NEON.D14.JORN.DP0.00006.001.01906.001.000.000",NA,NA,NA,"JORN","Precipitation","internalTemp","Soil Plot 1"
"NEON.D14.JORN.DP0.00006.001.01907.001.000.000",NA,NA,NA,"JORN","Precipitation","precipAccumulationRate","Soil Plot 1"
"NEON.D14.JORN.DP0.00006.001.01999.001.000.000",NA,NA,NA,"JORN","Precipitation","strainGauge1FreqComp","Soil Plot 1"
"NEON.D14.JORN.DP0.00006.001.02000.001.000.000",NA,NA,NA,"JORN","Precipitation","orificeHeaterFlag","Soil Plot 1"
"NEON.D14.JORN.DP0.00006.001.02068.001.000.000",NA,NA,NA,"JORN","Precipitation","strainGauge2Stability","Soil Plot 1"
"NEON.D14.JORN.DP0.00006.001.02069.001.000.000",NA,NA,NA,"JORN","Precipitation","strainGauge3Stability","Soil Plot 1"
"NEON.D14.JORN.DP0.00006.001.02070.001.000.000",NA,NA,NA,"JORN","Precipitation","strainGauge2Temp","Soil Plot 1"
"NEON.D14.JORN.DP0.00006.001.02071.001.000.000",NA,NA,NA,"JORN","Precipitation","strainGauge3Temp","Soil Plot 1"
"NEON.D14.JORN.DP0.00006.001.02072.001.000.000",NA,NA,NA,"JORN","Precipitation","strainGauge2FreqRaw","Soil Plot 1"
"NEON.D14.JORN.DP0.00006.001.02073.001.000.000",NA,NA,NA,"JORN","Precipitation","strainGauge3FreqRaw","Soil Plot 1"
"NEON.D14.JORN.DP0.00006.001.02074.001.000.000",NA,NA,NA,"JORN","Precipitation","strainGauge2Weight","Soil Plot 1"
"NEON.D14.JORN.DP0.00006.001.02075.001.000.000",NA,NA,NA,"JORN","Precipitation","strainGauge3Weight","Soil Plot 1"
"NEON.D14.JORN.DP0.00006.001.02076.001.000.000",NA,NA,NA,"JORN","Precipitation","strainGauge2FreqComp","Soil Plot 1"
"NEON.D14.JORN.DP0.00006.001.02077.001.000.000",NA,NA,NA,"JORN","Precipitation","strainGauge3FreqComp","Soil Plot 1"
"NEON.D14.JORN.DP0.00006.001.02080.001.000.000",NA,NA,NA,"JORN","Precipitation","heaterMonitor","Soil Plot 1"
"NEON.D14.JORN.DP0.00006.001.01897.002.000.000",NA,NA,NA,"JORN","Precipitation","strainGauge1Stability","Soil Plot 2"
"NEON.D14.JORN.DP0.00006.001.01898.002.000.000",NA,NA,NA,"JORN","Precipitation","strainGauge1Temp","Soil Plot 2"
"NEON.D14.JORN.DP0.00006.001.01900.002.000.000",NA,NA,NA,"JORN","Precipitation","strainGauge1FreqRaw","Soil Plot 2"
"NEON.D14.JORN.DP0.00006.001.01901.002.000.000",NA,NA,NA,"JORN","Precipitation","strainGauge1Weight","Soil Plot 2"
"NEON.D14.JORN.DP0.00006.001.01903.002.000.000",NA,NA,NA,"JORN","Precipitation","totalGaugeWeight","Soil Plot 2"
"NEON.D14.JORN.DP0.00006.001.01904.002.000.000",NA,NA,NA,"JORN","Precipitation","totalPrecipDepth","Soil Plot 2"
"NEON.D14.JORN.DP0.00006.001.01905.002.000.000",NA,NA,NA,"JORN","Precipitation","inletTemp","Soil Plot 2"
"NEON.D14.JORN.DP0.00006.001.01906.002.000.000",NA,NA,NA,"JORN","Precipitation","internalTemp","Soil Plot 2"
"NEON.D14.JORN.DP0.00006.001.01907.002.000.000",NA,NA,NA,"JORN","Precipitation","precipAccumulationRate","Soil Plot 2"
"NEON.D14.JORN.DP0.00006.001.01999.002.000.000",NA,NA,NA,"JORN","Precipitation","strainGauge1FreqComp","Soil Plot 2"
"NEON.D14.JORN.DP0.00006.001.02000.002.000.000",NA,NA,NA,"JORN","Precipitation","orificeHeaterFlag","Soil Plot 2"
"NEON.D14.JORN.DP0.00006.001.02068.002.000.000",NA,NA,NA,"JORN","Precipitation","strainGauge2Stability","Soil Plot 2"
"NEON.D14.JORN.DP0.00006.001.02069.002.000.000",NA,NA,NA,"JORN","Precipitation","strainGauge3Stability","Soil Plot 2"
"NEON.D14.JORN.DP0.00006.001.02070.002.000.000",NA,NA,NA,"JORN","Precipitation","strainGauge2Temp","Soil Plot 2"
"NEON.D14.JORN.DP0.00006.001.02071.002.000.000",NA,NA,NA,"JORN","Precipitation","strainGauge3Temp","Soil Plot 2"
"NEON.D14.JORN.DP0.00006.001.02072.002.000.000",NA,NA,NA,"JORN","Precipitation","strainGauge2FreqRaw","Soil Plot 2"
"NEON.D14.JORN.DP0.00006.001.02073.002.000.000",NA,NA,NA,"JORN","Precipitation","strainGauge3FreqRaw","Soil Plot 2"
"NEON.D14.JORN.DP0.00006.001.02074.002.000.000",NA,NA,NA,"JORN","Precipitation","strainGauge2Weight","Soil Plot 2"
"NEON.D14.JORN.DP0.00006.001.02075.002.000.000",NA,NA,NA,"JORN","Precipitation","strainGauge3Weight","Soil Plot 2"
"NEON.D14.JORN.DP0.00006.001.02076.002.000.000",NA,NA,NA,"JORN","Precipitation","strainGauge2FreqComp","Soil Plot 2"
"NEON.D14.JORN.DP0.00006.001.02077.002.000.000",NA,NA,NA,"JORN","Precipitation","strainGauge3FreqComp","Soil Plot 2"
"NEON.D14.JORN.DP0.00006.001.02080.002.000.000",NA,NA,NA,"JORN","Precipitation","heaterMonitor","Soil Plot 2"
"NEON.D14.JORN.DP0.00006.001.01897.004.000.000",NA,NA,NA,"JORN","Precipitation","strainGauge1Stability","Soil Plot 4"
"NEON.D14.JORN.DP0.00006.001.01898.004.000.000",NA,NA,NA,"JORN","Precipitation","strainGauge1Temp","Soil Plot 4"
"NEON.D14.JORN.DP0.00006.001.01900.004.000.000",NA,NA,NA,"JORN","Precipitation","strainGauge1FreqRaw","Soil Plot 4"
"NEON.D14.JORN.DP0.00006.001.01901.004.000.000",NA,NA,NA,"JORN","Precipitation","strainGauge1Weight","Soil Plot 4"
"NEON.D14.JORN.DP0.00006.001.01903.004.000.000",NA,NA,NA,"JORN","Precipitation","totalGaugeWeight","Soil Plot 4"
"NEON.D14.JORN.DP0.00006.001.01904.004.000.000",NA,NA,NA,"JORN","Precipitation","totalPrecipDepth","Soil Plot 4"
"NEON.D14.JORN.DP0.00006.001.01905.004.000.000",NA,NA,NA,"JORN","Precipitation","inletTemp","Soil Plot 4"
"NEON.D14.JORN.DP0.00006.001.01906.004.000.000",NA,NA,NA,"JORN","Precipitation","internalTemp","Soil Plot 4"
"NEON.D14.JORN.DP0.00006.001.01907.004.000.000",NA,NA,NA,"JORN","Precipitation","precipAccumulationRate","Soil Plot 4"
"NEON.D14.JORN.DP0.00006.001.01999.004.000.000",NA,NA,NA,"JORN","Precipitation","strainGauge1FreqComp","Soil Plot 4"
"NEON.D14.JORN.DP0.00006.001.02000.004.000.000",NA,NA,NA,"JORN","Precipitation","orificeHeaterFlag","Soil Plot 4"
"NEON.D14.JORN.DP0.00006.001.02068.004.000.000",NA,NA,NA,"JORN","Precipitation","strainGauge2Stability","Soil Plot 4"
"NEON.D14.JORN.DP0.00006.001.02069.004.000.000",NA,NA,NA,"JORN","Precipitation","strainGauge3Stability","Soil Plot 4"
"NEON.D14.JORN.DP0.00006.001.02070.004.000.000",NA,NA,NA,"JORN","Precipitation","strainGauge2Temp","Soil Plot 4"
"NEON.D14.JORN.DP0.00006.001.02071.004.000.000",NA,NA,NA,"JORN","Precipitation","strainGauge3Temp","Soil Plot 4"
"NEON.D14.JORN.DP0.00006.001.02072.004.000.000",NA,NA,NA,"JORN","Precipitation","strainGauge2FreqRaw","Soil Plot 4"
"NEON.D14.JORN.DP0.00006.001.02073.004.000.000",NA,NA,NA,"JORN","Precipitation","strainGauge3FreqRaw","Soil Plot 4"
"NEON.D14.JORN.DP0.00006.001.02074.004.000.000",NA,NA,NA,"JORN","Precipitation","strainGauge2Weight","Soil Plot 4"
"NEON.D14.JORN.DP0.00006.001.02075.004.000.000",NA,NA,NA,"JORN","Precipitation","strainGauge3Weight","Soil Plot 4"
"NEON.D14.JORN.DP0.00006.001.02076.004.000.000",NA,NA,NA,"JORN","Precipitation","strainGauge2FreqComp","Soil Plot 4"
"NEON.D14.JORN.DP0.00006.001.02077.004.000.000",NA,NA,NA,"JORN","Precipitation","strainGauge3FreqComp","Soil Plot 4"
"NEON.D14.JORN.DP0.00006.001.02080.004.000.000",NA,NA,NA,"JORN","Precipitation","heaterMonitor","Soil Plot 4"
"NEON.D14.JORN.DP0.00006.001.01897.005.000.000",NA,NA,NA,"JORN","Precipitation","strainGauge1Stability","Soil Plot 5"
"NEON.D14.JORN.DP0.00006.001.01898.005.000.000",NA,NA,NA,"JORN","Precipitation","strainGauge1Temp","Soil Plot 5"
"NEON.D14.JORN.DP0.00006.001.01900.005.000.000",NA,NA,NA,"JORN","Precipitation","strainGauge1FreqRaw","Soil Plot 5"
"NEON.D14.JORN.DP0.00006.001.01901.005.000.000",NA,NA,NA,"JORN","Precipitation","strainGauge1Weight","Soil Plot 5"
"NEON.D14.JORN.DP0.00006.001.01903.005.000.000",NA,NA,NA,"JORN","Precipitation","totalGaugeWeight","Soil Plot 5"
"NEON.D14.JORN.DP0.00006.001.01904.005.000.000",NA,NA,NA,"JORN","Precipitation","totalPrecipDepth","Soil Plot 5"
"NEON.D14.JORN.DP0.00006.001.01905.005.000.000",NA,NA,NA,"JORN","Precipitation","inletTemp","Soil Plot 5"
"NEON.D14.JORN.DP0.00006.001.01906.005.000.000",NA,NA,NA,"JORN","Precipitation","internalTemp","Soil Plot 5"
"NEON.D14.JORN.DP0.00006.001.01907.005.000.000",NA,NA,NA,"JORN","Precipitation","precipAccumulationRate","Soil Plot 5"
"NEON.D14.JORN.DP0.00006.001.01999.005.000.000",NA,NA,NA,"JORN","Precipitation","strainGauge1FreqComp","Soil Plot 5"
"NEON.D14.JORN.DP0.00006.001.02000.005.000.000",NA,NA,NA,"JORN","Precipitation","orificeHeaterFlag","Soil Plot 5"
"NEON.D14.JORN.DP0.00006.001.02068.005.000.000",NA,NA,NA,"JORN","Precipitation","strainGauge2Stability","Soil Plot 5"
"NEON.D14.JORN.DP0.00006.001.02069.005.000.000",NA,NA,NA,"JORN","Precipitation","strainGauge3Stability","Soil Plot 5"
"NEON.D14.JORN.DP0.00006.001.02070.005.000.000",NA,NA,NA,"JORN","Precipitation","strainGauge2Temp","Soil Plot 5"
"NEON.D14.JORN.DP0.00006.001.02071.005.000.000",NA,NA,NA,"JORN","Precipitation","strainGauge3Temp","Soil Plot 5"
"NEON.D14.JORN.DP0.00006.001.02072.005.000.000",NA,NA,NA,"JORN","Precipitation","strainGauge2FreqRaw","Soil Plot 5"
"NEON.D14.JORN.DP0.00006.001.02073.005.000.000",NA,NA,NA,"JORN","Precipitation","strainGauge3FreqRaw","Soil Plot 5"
"NEON.D14.JORN.DP0.00006.001.02074.005.000.000",NA,NA,NA,"JORN","Precipitation","strainGauge2Weight","Soil Plot 5"
"NEON.D14.JORN.DP0.00006.001.02075.005.000.000",NA,NA,NA,"JORN","Precipitation","strainGauge3Weight","Soil Plot 5"
"NEON.D14.JORN.DP0.00006.001.02076.005.000.000",NA,NA,NA,"JORN","Precipitation","strainGauge2FreqComp","Soil Plot 5"
"NEON.D14.JORN.DP0.00006.001.02077.005.000.000",NA,NA,NA,"JORN","Precipitation","strainGauge3FreqComp","Soil Plot 5"
"NEON.D14.JORN.DP0.00006.001.02080.005.000.000",NA,NA,NA,"JORN","Precipitation","heaterMonitor","Soil Plot 5"
"NEON.D14.JORN.DP0.00006.001.01897.000.040.000",NA,NA,NA,"JORN","Precipitation","strainGauge1Stability","Meas. Level 4"
"NEON.D14.JORN.DP0.00006.001.01898.000.040.000",NA,NA,NA,"JORN","Precipitation","strainGauge1Temp","Meas. Level 4"
"NEON.D14.JORN.DP0.00006.001.01900.000.040.000",NA,NA,NA,"JORN","Precipitation","strainGauge1FreqRaw","Meas. Level 4"
"NEON.D14.JORN.DP0.00006.001.01901.000.040.000",NA,NA,NA,"JORN","Precipitation","strainGauge1Weight","Meas. Level 4"
"NEON.D14.JORN.DP0.00006.001.01903.000.040.000",NA,NA,NA,"JORN","Precipitation","totalGaugeWeight","Meas. Level 4"
"NEON.D14.JORN.DP0.00006.001.01904.000.040.000",NA,NA,NA,"JORN","Precipitation","totalPrecipDepth","Meas. Level 4"
"NEON.D14.JORN.DP0.00006.001.01905.000.040.000",NA,NA,NA,"JORN","Precipitation","inletTemp","Meas. Level 4"
"NEON.D14.JORN.DP0.00006.001.01906.000.040.000",NA,NA,NA,"JORN","Precipitation","internalTemp","Meas. Level 4"
"NEON.D14.JORN.DP0.00006.001.01907.000.040.000",NA,NA,NA,"JORN","Precipitation","precipAccumulationRate","Meas. Level 4"
"NEON.D14.JORN.DP0.00006.001.01999.000.040.000",NA,NA,NA,"JORN","Precipitation","strainGauge1FreqComp","Meas. Level 4"
"NEON.D14.JORN.DP0.00006.001.02000.000.040.000",NA,NA,NA,"JORN","Precipitation","orificeHeaterFlag","Meas. Level 4"
"NEON.D14.JORN.DP0.00006.001.02068.000.040.000",NA,NA,NA,"JORN","Precipitation","strainGauge2Stability","Meas. Level 4"
"NEON.D14.JORN.DP0.00006.001.02069.000.040.000",NA,NA,NA,"JORN","Precipitation","strainGauge3Stability","Meas. Level 4"
"NEON.D14.JORN.DP0.00006.001.02070.000.040.000",NA,NA,NA,"JORN","Precipitation","strainGauge2Temp","Meas. Level 4"
"NEON.D14.JORN.DP0.00006.001.02071.000.040.000",NA,NA,NA,"JORN","Precipitation","strainGauge3Temp","Meas. Level 4"
"NEON.D14.JORN.DP0.00006.001.02072.000.040.000",NA,NA,NA,"JORN","Precipitation","strainGauge2FreqRaw","Meas. Level 4"
"NEON.D14.JORN.DP0.00006.001.02073.000.040.000",NA,NA,NA,"JORN","Precipitation","strainGauge3FreqRaw","Meas. Level 4"
"NEON.D14.JORN.DP0.00006.001.02074.000.040.000",NA,NA,NA,"JORN","Precipitation","strainGauge2Weight","Meas. Level 4"
"NEON.D14.JORN.DP0.00006.001.02075.000.040.000",NA,NA,NA,"JORN","Precipitation","strainGauge3Weight","Meas. Level 4"
"NEON.D14.JORN.DP0.00006.001.02076.000.040.000",NA,NA,NA,"JORN","Precipitation","strainGauge2FreqComp","Meas. Level 4"
"NEON.D14.JORN.DP0.00006.001.02077.000.040.000",NA,NA,NA,"JORN","Precipitation","strainGauge3FreqComp","Meas. Level 4"
"NEON.D14.JORN.DP0.00006.001.02080.000.040.000",NA,NA,NA,"JORN","Precipitation","heaterMonitor","Meas. Level 4"
"NEON.D14.JORN.DP0.00023.001.01315.003.000.000",NA,NA,NA,"JORN","Shortwave/Longwave Net Radiation","inNetRadPyranometer","Soil Plot 3"
"NEON.D14.JORN.DP0.00023.001.01316.003.000.000",NA,NA,NA,"JORN","Shortwave/Longwave Net Radiation","outNetRadPyranometer","Soil Plot 3"
"NEON.D14.JORN.DP0.00023.001.01319.003.000.000",NA,NA,NA,"JORN","Shortwave/Longwave Net Radiation","heaterFlag","Soil Plot 3"
"NEON.D14.JORN.DP0.00023.001.01319.000.040.000",NA,NA,NA,"JORN","Shortwave/Longwave Net Radiation","heaterFlag","Meas. Level 4"
"NEON.D14.JORN.DP0.00024.001.01321.000.010.000",NA,NA,NA,"JORN","Photosynthetically Active Radiation","outPAR","Meas. Level 1"
"NEON.D14.JORN.DP0.00024.001.01321.000.020.000",NA,NA,NA,"JORN","Photosynthetically Active Radiation","outPAR","Meas. Level 2"
"NEON.D14.JORN.DP0.00024.001.01321.000.030.000",NA,NA,NA,"JORN","Photosynthetically Active Radiation","outPAR","Meas. Level 3"
"NEON.D14.JORN.DP0.00041.001.01728.002.505.000",NA,NA,NA,"JORN","Soil temperature","soilPRTResistance","Soil Plot 2, depth 5"
"NEON.D14.JORN.DP0.00041.001.01728.002.507.000",NA,NA,NA,"JORN","Soil temperature","soilPRTResistance","Soil Plot 2, depth 7"
"NEON.D14.JORN.DP0.00041.001.01728.003.502.000",NA,NA,NA,"JORN","Soil temperature","soilPRTResistance","Soil Plot 3, depth 2"
"NEON.D14.JORN.DP0.00041.001.01728.003.505.000",NA,NA,NA,"JORN","Soil temperature","soilPRTResistance","Soil Plot 3, depth 5"
"NEON.D14.JORN.DP0.00041.001.01728.003.506.000",NA,NA,NA,"JORN","Soil temperature","soilPRTResistance","Soil Plot 3, depth 6"
"NEON.D14.JORN.DP0.00041.001.01728.003.508.000",NA,NA,NA,"JORN","Soil temperature","soilPRTResistance","Soil Plot 3, depth 8"
"NEON.D14.JORN.DP0.00041.001.01728.004.507.000",NA,NA,NA,"JORN","Soil temperature","soilPRTResistance","Soil Plot 4, depth 7"
"NEON.D14.JORN.DP0.00041.001.01728.005.505.000",NA,NA,NA,"JORN","Soil temperature","soilPRTResistance","Soil Plot 5, depth 5"
"NEON.D14.JORN.DP0.00041.001.01728.005.506.000",NA,NA,NA,"JORN","Soil temperature","soilPRTResistance","Soil Plot 5, depth 6"
